[
    {
        "Interface": "IManageGroups.cs",
        "pattern": "Strategy Pattern Interface and Abstract Factory Pattern",
        "description": "Serves as the primary abstraction for group management operations, combining Strategy pattern for operation flexibility with Abstract Factory pattern for creating database-specific instances. Enables XML documentation generation and provides a unified interface for group operations across different storage backends.",
        "responsibilities": [
            "Enable XML documentation integration",
            "Establish user-group relationship management contracts"
        ]
    },
    {
        "class": "MySQL.cs",
        "pattern": "Concrete Strategy Pattern",
        "description": "Implements IGroupService interface specifically for MySQL database operations. Serves as a Concrete Strategy in the Strategy pattern for MySQL-based group and user management.",
        "responsibilities": [
            "Implement MySQL-specific group operations",
            "Handle user-group relationship management in MySQL",
            "Handle MySQL connection management"
        ]
    },
    {
        "class": "PostgreSQL.cs",
        "pattern": "Concrete Strategy Pattern",
        "description": "PostgreSQL-specific implementation of IGroupService interface for PostgreSQL database operations.Functions as a Concrete Strategy for PostgreSQL database operations in group management.",
        "responsibilities": [
            "Implement PostgreSQL-specific group operations",
            "Handle PostgreSQL connection management"
        ]
    },
    {
        "class": "SQL.cs",
        "pattern": "Concrete Strategy Pattern",
        "description": "SQL Server implementation of IGroupService interface for SQLServer database operations. Implements Concrete Strategy pattern for SQL Server-specific functionality.",
        "responsibilities": [
            "Implement SQL Server-specific group operations",
            "Handle SQL Server connection management"
        ]
    },
    {
        "class": "ManageGroups.cs",
        "pattern": "Context and Factory and Strategy Pattern",
        "description": "Acts as the Context in the Strategy pattern and incorporates Factory pattern for dynamic strategy selection. Determines the appropriate database strategy based on connection string analysis and delegates group operations to the selected concrete implementation. Provides a unified entry point for group management operations while abstracting the complexity of database selection.",
        "responsibilities": [
            "Select appropriate database strategy for group management",
            "Delegate group operations to concrete implementations",
            "Manage strategy lifecycle and caching for group services"
        ]
    }
]